<productinfo>

<matlabrelease>14</matlabrelease>
<name>QFT Feedback Control Design</name>
<type>toolbox</type>
<icon>$toolbox/matlab/icons/matlabicon.gif</icon>

<list>

<listitem>
<label>Help (Web)</label>
<callback>web http://www.terasoft.com/qft/ -browser;</callback>
<icon>$toolbox/matlab/icons/webicon.gif</icon>
</listitem>

<listitem>
<label>Demos</label>
<callback>demo toolbox QFT</callback>
<icon>$toolbox/matlab/icons/demoicon.gif</icon>
</listitem>

<listitem>
<label>Product Page (Web)</label>
<callback>web http://www.terasoft.com/products/ -browser;</callback>
<icon>$toolbox/matlab/icons/webicon.gif</icon>
</listitem>

</list>

</productinfo>
